id,pagerank
askreddit,592.0040787061722
iama,484.09984860204776
videos,312.0979902738428
pics,242.5159664733212
leagueoflegends,189.48743810454246
